{"initial_reset_timestamp": 1607563107.3745313, "timestamps": [1607563117.2802558], "episode_lengths": [290], "episode_rewards": [263.0003961986462], "episode_types": ["t"]}